A1,DSo1343,GAAGCATGTGGTTCAGACGC
A2,DSo1344,CGGCACGGACTTATTTGGAA
A3,DSo1345,GTGCATTGCCGGCCTAGAA
A4,DSo1346,CCTAGACTCGGGTGCCATCT
A5,DSo1347,CTTCATCCTCTGGGCGCTTT
A6,DSo1348,GACCATTTCCCTCCCCATCC
A7,DSo1349,GCGTGTTCACTTTTTCAGCCA
A8,DSo1350,GGTGAATCGTAACCTTAACGGC
A9,DSo1351,GCTTCGAGGGACAACACAGA
A10,DSo1352,CATGAATCCTAGCGCCCCAT
A11,DSo1353,GTGTCTTGGTATGGGAGGGC
A12,DSo1354,CTTCCAAGGGGGCGTACTAC
B1,DSo1355,CAAACCGCCCAAGCTCAATC
B2,DSo1356,CTGCAACATTGACGGTAGCG
B3,DSo1357,CTGAATGTCTGCGCCTTCCT
B4,DSo1358,CATCGAGCGCAGCAGATTTC
B5,DSo1359,GCAGTTGTCATGCACATCATCA
B6,DSo1360,GTGACCGTCTAGACCCTCCT
B7,DSo1361,GCAGGATGCCCTTTTTGACG
B8,DSo1362,CCAATGCAACCCACGAGTTG
B9,DSo1363,CTTCTGGCAAGGCAGTTGGA
B10,DSo1364,GGTCGATCTTGTCTGCCCTG
B11,DSo1365,GGACCGGTCAACAATCTCAGA
B12,DSo1366,GGAGGGCACCACACAAAAAG
C1,DSo1367,GTGACCACGGTCTTTTTGCC
C2,DSo1368,CCACCTCTTACGTCGTTGCT
C3,DSo1369,CTTCAAGGTCCTCACGCCTT
C4,DSo1370,GAACCTTAGTACCTGGCGGG
C5,DSo1371,GACGACACGACCTCCAAAGT
C6,DSo1372,CCTGGGCAACGAGGTTGTAT
C7,DSo1373,CGGTCTTTGAAACGAGACGC
C8,DSo1374,GGAGAGCTTGAGATGCCTCC
C9,DSo1375,CGTTTACTGGTGGAAGTTTTGCT
C10,DSo1376,GTTCGTCCTTAATGTCCGCG
C11,DSo1377,GAACCAACCACTGCAAACGG
C12,DSo1378,CAAGGAGCGGAAACAGAAAGAA
D1,DSo1379,GGAGGGCTTGGCTTCTTTTG
D2,DSo1380,GCCTTTCAATGGAAGCACCG
D3,DSo1381,CTGCAAGCGAAGTTGTTCCC
D4,DSo1382,GCCATCTCACGCATTTTCCG
D5,DSo1383,CATGCCCGCGGTTATTATCG
D6,DSo1384,CTGCGCTAAACGAGTGTAACC
D7,DSo1385,CAGGTACTTGAAGGCCACGT
D8,DSo1386,GCCTTTTTGCGCTGCCAATA
D9,DSo1387,GCCGATGCTGTTGCTATAGC
D10,DSo1388,CCCTCTCACCTTCGCCTAAA
D11,DSo1389,GGGTCCACTACGCCATTGAA
D12,DSo1390,CACGGTCATCGGAATCTCAGT
E1,DSo1391,GCTTTCCACTTCTTCGACGG
E2,DSo1392,CTGGAGCCCATACGTTCCTC
E3,DSo1393,CGCAACATTCACAATTGTAAGCT
E4,DSo1394,CTCTGCTTCAGGTTCGGGTT
E5,DSo1395,CCTAGACCAAAGCCTCCGTG
E6,DSo1396,GCAATACAAGCCAAACCGACC
E7,DSo1397,CGAAGATGGCATAGCGGCTA
E8,DSo1398,GTCGAGGCCAACTTTTCACC
E9,DSo1399,CGCGACTGATCTCCCAATGA
E10,DSo1400,CCTGGTTGTCGTCATCGTCA
E11,DSo1401,CTTGGCCCTCAGCATCTTCT
E12,DSo1402,GGGTAGAGCCACGTTATCCG
F1,DSo1403,GGAGTCAGATGGAACTGGGG
F2,DSo1404,CAGTGGGAAAGAAGCCGTCA
F3,DSo1405,GGCTGAGACGGGCAATACAT
F4,DSo1406,CGCCTCCTCCCACTAATGTT
F5,DSo1407,CACGAGGGCCATATTGTGCA
F6,DSo1408,CCTGGGTCCAAGCTTTCGAT
F7,DSo1409,CTCCTCGTCCATGGTCACAC
F8,DSo1410,CTCGTTCCCAGGGTCTTCTT
F9,DSo1411,GCCCTGACAACAGCTTCTCT
F10,DSo1412,GTTTTTCTTCGCGCGTCAAC
F11,DSo1413,GAAGATCCAAGCCTGCACCT
F12,DSo1414,CGTTGCAGTATTGTTCTGGCC
G1,DSo1415,CGCAAACGGTTGGATGAGTC
G2,DSo1416,GTCATGAAGGCCAGCGTAGT
G3,DSo1417,CTTGCTGCTCTGCCTGTACT
G4,DSo1418,GCCTCTACTGCATTGCCCTT
G5,DSo1419,GTATTCGACCTGCAGCAACG
G6,DSo1420,CCAAGTCGTGACCTCTGCTT
G7,DSo1421,CGCGATACACCAACCCCATA
G8,DSo1422,CGATACTTGCTGACTCCCCC
G9,DSo1423,CGATGCTGTGGCCAAGTTTC
G10,DSo1424,CAGGAAAAGGAGGGGAAGGG
G11,DSo1425,CCACGATCTTTGGAACCGGA
G12,DSo1426,GCTGCTTCTGCTTCTGCTTC
H1,DSo1427,CACGAGCCTTCCCTTTCAGT
H2,DSo1428,CATCCTCAAAAGCGCACAGG
H3,DSo1429,CGCGAGTTTATCCGTTGCTG
H4,DSo1430,CCCAGGGTTTGCTATTCCCA
H5,DSo1431,GCACAACTTTGTAGCGGGAA
H6,DSo1432,GTTGGAAACATTCGACGCCT
