A1,DSo1253,TGCCACATTTCCTTTGCAGC
A2,DSo1254,CTACGACGGTTCTCATTCGAC
A3,DSo1255,TTCGGGGGCCAAATCTAACC
A4,DSo1256,GAGGGGGAGAAAGAATAAGGGC
A5,DSo1257,CTTGGCCTAGACTCGGGTG
A6,DSo1258,GGCGGAAGTCTTTGCAACTG
A7,DSo1259,GGCTGGGTTATAGTGAGCCC
A8,DSo1260,TGTTAAGAGCTGCACCCCAG
A9,DSo1261,GGTGAATCGTAACCTTAACGGC
A10,DSo1262,CAAGCATGCAATTGGACCCC
A11,DSo1263,TATGGGGGAAGGGGAGGATG
A12,DSo1264,CTAGGCGCTGAAGGTGAGAG
B1,DSo1265,GTTTGCTTCTGGCGGTGATG
B2,DSo1266,AGCTTTGCTGGAGGATGATTAAC
B3,DSo1267,ACGAGAGCCTAAAGTGGTGC
B4,DSo1268,GCGATGAAAGTGATCACGGC
B5,DSo1269,AAGAAGACTCCTGCGAACGG
B6,DSo1270,GTTCGTTCGCCCTAAATGCC
B7,DSo1271,TTAGCGCCCTAGCATCCATG
B8,DSo1272,TTGTGCCTGGTGACTGTCTC
B9,DSo1273,GGAGCGGGTCTGGTGAATAG
B10,DSo1274,ATGCACGACGAAAACGGTTG
B11,DSo1275,ACCAAATGGGGACGGTAGAAG
B12,DSo1276,TGGACCGGTCAACAATCTCAG
C1,DSo1277,GCAGTTCCTTCGTGTATGCG
C2,DSo1278,GATGGGAAACAGAACTGCGC
C3,DSo1279,AGGTCATGGTTCGGTTGGTG
C4,DSo1280,GCTCTCTCTCCATCTTGGCG
C5,DSo1281,AGTAACGCGTCACCTCGTAC
C6,DSo1282,CTGTGCATCTGCTTGTACGC
C7,DSo1283,AGTGGTTAGTGCCATGTCCG
C8,DSo1284,GAGCTACCGTTATCAGCTTGC
C9,DSo1285,AAACCGAACCCTTCCCCTTC
C10,DSo1286,AAACATGGCATGGCGATCAG
C11,DSo1287,CGCCAATCCAGCAATACCTG
C12,DSo1288,GCCGAGACAAGAGGAGGAAC
D1,DSo1289,ACAAGGAGCGGAAACAGAAAG
D2,DSo1290,AGTTCCAAGAAGGGGAAGCG
D3,DSo1291,CAGCCATCTGAGGAACCTCC
D4,DSo1292,CTCGTGGTGAGGAGTGTTCC
D5,DSo1293,GGCGCGCATTGAAATAAACG
D6,DSo1294,CATGCCCGCGGTTATTATCG
D7,DSo1295,CCCTTGTTTGGCTTGCTCAC
D8,DSo1296,GTCTCTACTGGTGGTGGTGC
D9,DSo1297,GAAGGAACCGACTCAAACCG
D10,DSo1298,AGGTACAAGACGAGCAAGAGG
D11,DSo1299,AGAACTGCAAACCTGAACCAAG
D12,DSo1300,TGACTGAACCCTTACCGCTG
E1,DSo1301,AGCTTTTTGGGTGGTTTCGC
E2,DSo1302,ACGGTCCTTCAATGTTCCGG
E3,DSo1303,GAACTCATGCACTTCGCGAG
E4,DSo1304,AAAGTGGTGTTTGCGTCTCC
E5,DSo1305,ACATAGGTCAGGCCGAATGC
E6,DSo1306,TTCAACTTGAGCACGCACAC
E7,DSo1307,GACCCCACTGTCATCGGATG
E8,DSo1308,GCGTCCAAGCCATTGAAAGG
E9,DSo1309,GCCGTGCCCCAATAAAACTG
E10,DSo1310,CGTGAACGCATAGCAGAGAAC
E11,DSo1311,CGGACTGCATGGATCAATGG
E12,DSo1312,TTTTTCGTCTGGGCGCAAAC
F1,DSo1313,AAAGGGGTAGCCTGCTTCAC
F2,DSo1314,ACCTGTCCCAGAAAAGACGC
F3,DSo1315,AGCACAGCTCGAAGACACTC
F4,DSo1316,TAGAGTGGTAAAGCGTGCCC
F5,DSo1317,AGCTGGGATCATCCTTTGCC
F6,DSo1318,GAGATGGGTGGCCACAGAAC
F7,DSo1319,CAGCTGCTCAGAGGGAAGAC
F8,DSo1320,CTATCTACCGCTCACCCAGC
F9,DSo1321,CCTTGCCTGTAGACCGTACC
F10,DSo1322,CATGGCGCTGATCAAACTGG
F11,DSo1323,TACGCCAAGCTGCTCTACTG
F12,DSo1324,AGTCCAATGAGCAGCTCTGG
G1,DSo1325,AAGAAAGTCCTCTGCACCCG
G2,DSo1326,ACCGAGGATCAGCAAATGGAG
G3,DSo1327,GAAACTGGCTTGGCTTCTGC
G4,DSo1328,ACCACCCAATTTCCAGAGCC
G5,DSo1329,GTGGAGGAATCAGGGTGGAC
G6,DSo1330,TGACGACGATGCTCTTACGG
G7,DSo1331,TCTGTATGGCGTGACACCAC
G8,DSo1332,TCCTGGGGACTGAAAAAGGC
G9,DSo1333,TTTCCATGGAGCCGTACCAC
G10,DSo1334,TGGCCCCTGTAAGATGATGC
G11,DSo1335,CAGGAAAAGGAGGGGAAGGG
G12,DSo1336,TAAACAGCGATCCACCGAGG
H1,DSo1337,CACAGCTGCCATCAAGAAGC
H2,DSo1338,AGTACGTATGCTGGTTCGGC
H3,DSo1339,CGACACAATTCTAGCCACCG
H4,DSo1340,CTCATCGTTGCAGGGCTTTG
H5,DSo1341,ACAAGCAAGTGGGGTAACTTAG
H6,DSo1342,CTCTTGGGAGTAAGCTGCATC
